1482;R DR CECILIO MONZA;;-51.12794467539000000;-30.04794290572600000
1483;R DIOMARIO MOOJEM 30;;-51.23682367539000000;-30.09264490572600000
1484;R ENG ARY DE ABREU LIMA 5;;-51.15110967539000000;-30.02610290572600000
1485;AV BENNO MENTZ 1560;;-51.14673067539000000;-30.02404990572600000
1486;AV FERNANDO FERRARI 1001;;-51.16790567539000000;-29.97522590572600000
1487;AV SERTORIO 6767;;-51.14069267539000000;-29.99813490572600000
1488;AV ASSIS BRASIL 7625;;-51.12052567539000000;-29.98648390572600000
1489;R DR VICENTE DE PAULA DUTRA 111;;-51.22907267539000000;-30.04468690572600000
1490;AV JOAO WALLIG 1800;3338-4965;-51.16159367539000000;-30.02632190572600000
1491;R EUGENIO RODRIGUES 1558;3250-2189;-51.12797167539000000;-30.04791990572600000
1492;R ARMANDO BARBEDO 400;3266-9108;-51.25522467539000000;-30.11217190572600000
1493;TRAVESSA GERMANO GARCIA 10;3269-9101;-51.25359767539000000;-30.11010790572600000
1494;AV JOAO DE OLIVEIRA REMIAO 8640;3485-8590;-51.09526367539000000;-30.13483490572600000
1495;AV INDEPENDENCIA 813;;-51.21291667539000000;-30.02959390572600000
1496;R CASTRO DE MENEZES 700;3266-0166;-51.24916167539000000;-30.10161390572600000
1497;R CEL MARCOS 2599;;-51.23365667539000000;-30.13238590572600000
1498;R BARAO DE COTEGIPE 400;;-51.18878367539000000;-30.00936690572600000
1499;RUA PCA ALBERTO PASQUALINI 240;;-51.23130067539000000;-30.13347590572600000
1500;AV CEL PEDRO AUGUSTO BITTENCOURT 10;3248-2310;-51.21809867539000000;-30.14261990572600000
1501;R PROF ANNES DIAS 155;;-51.22343767539000000;-30.03121890572600000
1502;AV DA CAVALHADA 5088;;-51.22476367539000000;-30.12048190572600000
1503;AV EDUARDO PRADO 330;3250-6064;-51.22128067539000000;-30.12252890572600000
1504;R ENIO AVELINE DA ROCHA 8;;-51.21813067539000000;-30.13057590572600000
1505;R CEL MASSOT 400;;-51.24431067539000000;-30.10044390572600000
1506;TRAV ESCOBAR 336;;-51.23634667539000000;-30.10406690572600000
1507;R LUIS MANOEL GONZAGA 450;3029-1361;-51.17751067539000000;-30.03491990572600000
1508;R ITAPITOCAI 19;;-51.24155367539000000;-30.09015890572600000
1509;R SANTA MARIA 27;;-51.16762867539000000;-30.06209990572600000
1510;R PRESIDENTE FRANKLIN ROOSEVELT 168;;-51.20021367539000000;-30.00127790572600000
1511;R PADRE ANGELO CORSO 5;;-51.23397967539000000;-30.09759490572600000
1512;AV ICARAI 599;;-51.24028467539000000;-30.08401790572600000
1513;AV DA CAVALHADA 3621;3241-2626;-51.22720867539000000;-30.10869790572600000
1514;R AFONSO ARINOS 1016;3249-2193;-51.23138567539000000;-30.10219590572600000
1515;R JOAQUIM DE CARVALHO 30;;-51.21932667539000000;-30.11355090572600000
1516;R VINTE E QUATRO DE OUTUBRO 1728;;-51.19120767539000000;-30.02178290572600000
1517;R ERECHIM 782;;-51.21735567539000000;-30.08883190572600000
1518;R CEL BORDINI 643;;-51.19678667539000000;-30.02330890572600000
1519;AV MONTE CRISTO 33;3248-1286;-51.20633367539000000;-30.11779590572600000
1520;R GUILHERME SHELL 268;;-51.20744367539000000;-30.05525890572600000
1521;R TEN CEL FABRICIO PILLAR 800;;-51.18849067539000000;-30.02539390572600000
1522;AV DIARIO DE NOTICIAS S/N;3266-6514;-51.24644567539000000;-30.08217490572600000
1523;R ANNES DIAS 285;;-51.22220067539000000;-30.03007290572600000
1524;R SILVEIRO 1220;;-51.23104767539000000;-30.07094190572600000
1525;R TANAUI DA SILVA BOEIRA 10;3319-3030;-51.10434167539000000;-30.12402190572600000
1526;R MANOEL ELIAS 2006;;-51.12142767539000000;-30.03245690572600000
1527;R DA REPUBLICA 901;;-51.22744167539000000;-30.04155290572600000
1528;R ORFANOTROFIO 570;;-51.21921867539000000;-30.08078090572600000
1529;R PROF MANUEL LOBATO 151;;-51.21656967539000000;-30.07023390572600000
1530;AV DOS GAUCHOS 2049;;-51.12892267539000000;-29.99354590572600000
1531;R JOSE DE ALENCAR 286;3233-9531;-51.22953167539000000;-30.05964690572600000
1532;R JOSE DE ALENCAR 259;;-51.22927267539000000;-30.05984390572600000
1533;R COSTA 30;3231-9591;-51.22957267539000000;-30.05840990572600000
1534;R DR OSCAR BITTENCOURT 203;3233-2297;-51.22476067539000000;-30.06024390572600000
1535;AV PRAIA DE BELAS 1750;;-51.22861767539000000;-30.05414290572600000
1536;AV BORGES DE MEDEIROS 2700;3231-4433;-51.22940067539000000;-30.04933890572600000
1537;R MUCIO TEIXEIRA 515;3233-8416;-51.22484467539000000;-30.05336790572600000
1538;AV PRAIA DE BELAS 1181;;-51.22780867539000000;-30.04848090572600000
1539;AV JOSE DE ALENCAR 940;3233-1098;-51.22133167539000000;-30.06071890572600000
1540;R SALDANHA MARINHO 30;3233-5680;-51.22272167539000000;-30.05775090572600000
1541;R EURICO LARA 51;3233-0213;-51.21715967539000000;-30.06002990572600000
1542;AV GETULIO VARGAS 1118;3029-7310;-51.22235867539000000;-30.05475990572600000
1543;R VISCONDE DO HERVAL 690;;-51.22207567539000000;-30.05331290572600000
1544;R TULIO DE ROSE 10;;-51.16108167539000000;-30.02283290572600000
1545;R GEN CALDWELL 620;3233-2503;-51.22177167539000000;-30.05098290572600000
1546;R MARCILIO DIAS 763;3231-0808;-51.22199167539000000;-30.04974590572600000
1547;R SETE DE SETEMBRO 601;;-51.23456267539000000;-30.03075290572600000
1548;AV ERICO VERISSIMO 960;;-51.21837067539000000;-30.05383590572600000
1549;R CEL LUCAS DE OLIVEIRA 995;3388-2727;-51.19439467539000000;-30.03135590572600000
1550;R OTAVIO FRANCISCO CARUSO DA ROCHA 600;;-51.23593967539000000;-30.04009990572600000
1551;R GEN VASCO ALVES 530;;-51.23733767539000000;-30.03642590572600000
1552;R SANTA TERESINHA 450;;-51.21019467539000000;-30.04078690572600000
1553;R GEN VASCO ALVES 490;;-51.23766767539000000;-30.03564990572600000
1554;R GEN VASCO ALVES 339;;-51.23794267539000000;-30.03491390572600000
1555;R RIACHUELO 344;;-51.23819767539000000;-30.03386790572600000
1556;R OTAVIO FRANCISCO DA ROCHA 600;3227-7888;-51.23700967539000000;-30.04001490572600000
1557;R IBANOR TARTAROTI S/N;3227-3799;-51.23708667539000000;-30.03798090572600000
1558;R DUQUE DE CAXIAS 717;3224-2088;-51.23444467539000000;-30.03401090572600000
1559;R GEN PORTINHO 199;3228-7541;-51.23744467539000000;-30.03252190572600000
1560;R DOS ANDRADAS 811;;-51.23354267539000000;-30.03135090572600000
1561;AV SIQUEIRA CAMPOS 735;;-51.23410567539000000;-30.02976390572600000
1562;R MARCIO R VERAS VIDOR 10;3224-1379;-51.22987467539000000;-30.04452390572600000
1563;R ISMAEL CHAVES BARCELOS S/N;3224-9803;-51.22881767539000000;-30.04418590572600000
1564;R MARCILIO DIAS 200;3231-5195;-51.22767667539000000;-30.04915190572600000
1565;AV BORGES DE MEDEIROS 1501;3288-1200;-51.22985667539000000;-30.04106590572600000
1566;AV AUGUSTO CARVALHO 10;;-51.23264067539000000;-30.03689090572600000
1567;R CEL FERNANDO MACHADO 860;;-51.22847767539000000;-30.03502790572600000
1568;PCA MARECHAL DEODORO 101;;-51.23061667539000000;-30.03294390572600000
1569;AV BORGES DE MEDEIROS 1080;3224-3223;-51.22802167539000000;-30.03637390572600000
1570;R DA REPUBLICA 677;3211-2260;-51.22586067539000000;-30.04029390572600000
1571;AV BORGES DE MEDEIROS 1043;;-51.22814667539000000;-30.03605290572600000
1572;AV BORGES DE MEDEIROS 929;;-51.22809067539000000;-30.03493790572600000
1573;R DUQUE DE CAXIAS 1319;3225-6269;-51.22780067539000000;-30.03370090572600000
1574;R DEZESSETE DE JUNHO 755;3227-9786;-51.22161267539000000;-30.04762890572600000
1575;R CEL ANDRE BELO 705;;-51.22151167539000000;-30.04669190572600000
1576;R MUCIO TEIXEIRA 10;3226-5109;-51.22331467539000000;-30.04377390572600000
1577;R JOAQUIM NABUCO 332;;-51.22106967539000000;-30.04228290572600000
1578;R LUZITANA 22;;-51.18418867539000000;-30.00845090572600000
1579;R ZERO HORA 5;;-51.21717867539000000;-30.04854890572600000
1580;R DR SEBASTIAO LEAO 99;3221-5595;-51.21708367539000000;-30.04506790572600000
1581;AV JOAO PESSOA 1105;3212-4398;-51.21650967539000000;-30.04120290572600000
1582;R JOSE DO PATROCINIO 413;3224-8972;-51.22438767539000000;-30.03889390572600000
1583;R LUIZ AFONSO 395;;-51.22277267539000000;-30.04003990572600000
1584;R LUIZ AFONSO 143;3221-8870;-51.22076667539000000;-30.03881990572600000
1585;R SARMENTO LEITE 880;3221-8393;-51.22345267539000000;-30.03672490572600000
1586;AV JOAO PESSOA 85;;-51.22275867539000000;-30.03332690572600000
1587;R SARMENTO LEITE 740;;-51.22256167539000000;-30.03558090572600000
1588;R GEN LIMA E SILVA 776;;-51.22001267539000000;-30.03941490572600000
1589;R REPUBLICA 24;3227-4355;-51.22020567539000000;-30.03638290572600000
1590;AV JOAO PESSOA 599;;-51.21988767539000000;-30.03692690572600000
1591;R CALDAS JUNIOR 261;;-51.23174067539000000;-30.03083390572600000
1592;R CALDAS JUNIOR 180;;-51.23225667539000000;-30.02975290572600000
1593;R GEN CAMARA 521;;-51.23016267539000000;-30.03230590572600000
1594;R GEN CAMARA 352;;-51.22989467539000000;-30.03075690572600000
1595;R GEN CAMARA 156;;-51.23010967539000000;-30.02914390572600000
1596;R CAPITAO MONTANHA 37;;-51.23230367539000000;-30.02891490572600000
1597;R URUGUAI 155;;-51.22909167539000000;-30.02814290572600000
1598;AV BORGES DE MEDEIROS 668;3212-9339;-51.22797067539000000;-30.03247290572600000
1599;AV GAL ANDRADE NEVES 159;3212-7267;-51.22817867539000000;-30.03087890572600000
1600;R VIGARIO JOSE INACIO 6180;3225-2020;-51.22595067539000000;-30.03115490572600000
1601;AV BORGES DE MEDEIROS 262;;-51.22802967539000000;-30.02861390572600000
1602;R MARECHAL FLORIANO PEIXOTO 91;;-51.22690367539000000;-30.02980790572600000
1603;R JERONIMO COELHO 325;3280-1213;-51.22586267539000000;-30.03261690572600000
1604;R DR FLORES 263;;-51.22479967539000000;-30.02965690572600000
1605;AV IPIRANGA 6690;;-51.17327467539000000;-30.05603190572600000
1606;R RAMIRO BARCELOS 1859;3328-5535;-51.20827967539000000;-30.03554390572600000
1607;R VIGARIO JOSE INACIO 114;;-51.22572767539000000;-30.02658690572600000
1608;R SENHOR DOS PASSOS 259;3029-3360;-51.22348667539000000;-30.02937990572600000
1609;AV ALBERTO BINS 308;3221-5477;-51.22352167539000000;-30.02819390572600000
1610;R SENHOR DOS PASSOS 30;;-51.22404467539000000;-30.02730090572600000
1611;R CARLOS CHAGAS 55;;-51.22294967539000000;-30.02498490572600000
1612;R PINTO BANDEIRA 280;;-51.22238467539000000;-30.02697790572600000
1613;AV ALBERTO BINS 514;3227-8014;-51.22175467539000000;-30.02808190572600000
1614;R COM MANOEL PEREIRA 72;;-51.22147067539000000;-30.02598890572600000
1615;AV INDEPENDENCIA 275;3224-0810;-51.21885267539000000;-30.02959090572600000
1616;R IRMAO JOSE OTAO 540;;-51.21401667539000000;-30.03131990572600000
1617;R DA CONCEICAO 127;;-51.22042667539000000;-30.02439390572600000
1618;LG VESPASIANO JULIO VEPPO;3221-9371;-51.21929367539000000;-30.02384390572600000
1619;AV CINCO DE NOVEMBRO 30;;-51.21452767539000000;-30.07564890572600000
1620;PRACA GUIA LOPES 72;3336-3342;-51.21176167539000000;-30.08148590572600000
1621;AV TERESOPOLIS 2888;3336-2635;-51.20916667539000000;-30.07925790572600000
1622;R VINTE E QUATRO DE OUTUBRO 946;;-51.19934767539000000;-30.02371390572600000
1623;AV PROF OSCAR PEREIRA 2728;3339-0456;-51.20251667539000000;-30.07415590572600000
1624;R NUNES 596;;-51.20478567539000000;-30.07014590572600000
1625;R GAL CUNHA LOUZADA 10;3339-6812;-51.20474267539000000;-30.06949390572600000
1626;R DONA CECILIA 18;;-51.21551567539000000;-30.05766190572600000
1627;AV RAMIRO BARCELOS 1101;;-51.20843467539000000;-30.02928590572600000
1628;R PROF OSCAR PEREIRA 400;;-51.21113167539000000;-30.05467690572600000
1629;R BOTAFOGO 1455;3223-3555;-51.21479267539000000;-30.05527990572600000
1630;PCA PRINCESA ISABEL S/N;3223-1555;-51.21291967539000000;-30.05067090572600000
1631;AV BORGES DE MEDEIROS 421;;-51.22776967539000000;-30.03054790572600000
1632;R MOISES ANTUNES DA CUNHA 55;3217-0833;-51.20716267539000000;-30.06061090572600000
1633;R TOMAS EDSON 61;;-51.20113167539000000;-30.05881190572600000
1634;R CARLOS PESSOA DE BRUM 150;;-51.20667467539000000;-30.05661390572600000
1635;AV MONTE CRISTO 1194;;-51.22136567539000000;-30.12350690572600000
1636;R JOSE DO PATROCINIO 851;;-51.22111467539000000;-30.04188490572600000
1637;R TEN ARY TARRAGO 340;;-51.13579467539000000;-30.03925090572600000
1638;R VICENTE DA FONTOURA 1164;3232-7848;-51.20313767539000000;-30.04937690572600000
1639;R MADRE ANA 314;3339-2777;-51.19867667539000000;-30.07870090572600000
1640;R CLEMENCIANO BARNASQUE 30;;-51.21168767539000000;-30.08179890572600000
1641;AV VENANCIO AIRES 1355;;-51.20924767539000000;-30.03714990572600000
1642;AV BORGES DE MEDEIROS 1565;3211-0505;-51.22892067539000000;-30.04286490572600000
1643;R SAO MIGUEL 240;;-51.19262467539000000;-30.07262590572600000
1644;AV PANAMERICANA 1140;;-51.15159067539000000;-30.00036390572600000
1645;R DO PRESIDIO 476;;-51.18280167539000000;-30.07096290572600000
1646;AV APARICIO CEL BORGES 2700;3339-2633;-51.18568267539000000;-30.06358890572600000
1647;R FERNANDO GOMES 100;;-51.20534667539000000;-30.02654290572600000
1648;R GAL TIBURCIO 50;;-51.19526867539000000;-30.04961790572600000
1649;AV BENTO GONCALVES 2905;;-51.18587267539000000;-30.06343190572600000
1650;R VALPARAISO 539;3336-2748;-51.18860867539000000;-30.05358590572600000
1651;R NILOPOLIS 540;;-51.18600867539000000;-30.03603890572600000
1652;AV OSVALDO ARANHA 526;;-51.21684267539000000;-30.03305890572600000
1653;AV ASSIS BRASIL 4320;;-51.14575267539000000;-30.00971990572600000
1654;R DEZOITO DE SETEMBRO 199;3315-4433;-51.18653667539000000;-30.05622990572600000
1655;R ITABORAY 677;;-51.18710967539000000;-30.05133490572600000
1656;R FELIZARDO 300;3332-4977;-51.18673667539000000;-30.05016690572600000
1657;R FELIZARDO FURTADO 649;3330-1192;-51.18452167539000000;-30.05060690572600000
1658;AV JOAO PESSOA 1788;3223-7447;-51.21299567539000000;-30.04550790572600000
1659;R JERONIMO DE ORNELLAS 14;3223-4852;-51.21462567539000000;-30.04353290572600000
1660;AV IPIRANGA 1801;3223-9245;-51.21286967539000000;-30.04784590572600000
1661;R MARIANTE 399;;-51.20416267539000000;-30.03211790572600000
1662;AV JOAO PESSOA 1476;;-51.21418867539000000;-30.04392490572600000
1663;R JERONIMO DE ORNELLAS 287;;-51.21198367539000000;-30.04192690572600000
1664;R MUCIO TEIXEIRA 699;;-51.22424467539000000;-30.04940990572600000
1665;AV CARLOS GOMES 565;3388-4728;-51.18228167539000000;-30.02704890572600000
1666;AV FARRAPOS 1962;;-51.20553467539000000;-30.01494390572600000
1667;R SANTA TERESINHA 79;3330-5831;-51.21094667539000000;-30.03798690572600000
1668;R JERONIMO DE ORNELAS 601;3223-2512;-51.20941367539000000;-30.04054090572600000
1669;R AUGUSTO PESTANA 10;3331-4731;-51.20929467539000000;-30.03723790572600000
1670;AV JOSE BONIFACIO 753;3321-4545;-51.21022967539000000;-30.03644090572600000
1671;R FERNANDES VIEIRA 345;3311-3208;-51.21098467539000000;-30.03297390572600000
1672;AV PRINCESA ISABEL 395;3223-5334;-51.20827967539000000;-30.04842790572600000
1673;AV PRINCESA ISABEL 771;;-51.20619267539000000;-30.04736490572600000
1674;R SERGIO JUNGBLUT DIETRICH 10;;-51.14253767539000000;-29.99699490572600000
1675;R SAO LUIS 96;3223-3944;-51.20674467539000000;-30.04442190572600000
1676;R SAO MANOEL 1213;;-51.20453467539000000;-30.04476690572600000
1677;R RAMIRO BARCELOS 2350;3332-5789;-51.20748467539000000;-30.03877190572600000
1678;R GIORDANO BRUNO 388;;-51.20662867539000000;-30.03722590572600000
1679;R CABRAL 15;3379-1744;-51.20821967539000000;-30.03301590572600000
1680;R CEL PAULINO TEIXEIRA 423;3331-9633;-51.20313467539000000;-30.03837190572600000
1681;R JOAO GUIMARAES 87;;-51.20165267539000000;-30.03911090572600000
1682;R PROF DUPLAN 14;3388-8796;-51.20109367539000000;-30.03909790572600000
1683;R SANTO ANTONIO 782;;-51.21419567539000000;-30.03163290572600000
1684;AV ASSIS BRASI 3145;;-51.15582367539000000;-30.01055290572600000
1685;R VASCO DA GAMA 15;3312-4967;-51.21229267539000000;-30.03178290572600000
1686;R FERNANDES VIEIRA 261;3311-3237;-51.21095967539000000;-30.03172090572600000
1687;R TIRADENTES 333;;-51.20920667539000000;-30.02553590572600000
1688;R FREDERICO LINCK 25;3311-4185;-51.20835167539000000;-30.02972590572600000
1689;AV RAMIRO BARCELOS 919;3311-3588;-51.20916567539000000;-30.02702090572600000
1690;AV CRISTOVAO COLOMBO 545;3018-8818;-51.21214167539000000;-30.02566090572600000
1691;PCA BARTOLOMEU DE GUSMAO 10;;-51.21070967539000000;-30.02083390572600000
1692;AV FARRAPOS 1298;;-51.21027867539000000;-30.01959090572600000
1693;R VERISSIMO ROSA 44;;-51.19575267539000000;-30.05762290572600000
1694;R MIGUEL TOSTES 621;;-51.20563267539000000;-30.03382790572600000
1695;R CASEMIRO DE ABREU 38;;-51.20836267539000000;-30.03108390572600000
1696;R MARIANTE 180;3222-3560;-51.20432167539000000;-30.02891290572600000
1697;PCA JULIO DE CASTILHOS 19;3222-5845;-51.20754667539000000;-30.02861790572600000
1698;R SANTO INACIO 96;;-51.20641567539000000;-30.02458890572600000
1699;R DR FLORENCIO YGARTUA 391;;-51.20312267539000000;-30.02891390572600000
1700;R VINTE QUATRO DE OUTUBRO 474;3222-1990;-51.20314967539000000;-30.02652490572600000
1701;R PADRE CHAGAS 242;3222-7481;-51.20320367539000000;-30.02503090572600000
1702;AV GOETHE S/N;;-51.20023867539000000;-30.02853290572600000
1703;R VINTE QUATRO DE OUTUBRO 722;;-51.20093367539000000;-30.02471490572600000
1704;R HOFFMANN 710;3222-8176;-51.20781967539000000;-30.02139690572600000
1705;R DR JOSE FERREIRA DA SILVA 100;;-51.18760667539000000;-30.06262290572600000
1706;TRAV CARMEN 21;;-51.20482667539000000;-30.01868690572600000
1707;R FELIX DA CUNHA 1099;3222-0874;-51.20188267539000000;-30.02370290572600000
1708;AV FRANCISCO PETUCO 45;;-51.17602567539000000;-30.01892990572600000
1709;R FELIX DA CUNHA 561;3222-2290;-51.20240267539000000;-30.01827490572600000
1710;R VICENTE DA FONTOURA 1500;3223-4312;-51.20012867539000000;-30.04784390572600000
1711;R SANTA CECILIA 1143;3331-0649;-51.19863567539000000;-30.04493190572600000
1712;R CEL LUCAS DE OLIVEIRA 845;;-51.19442667539000000;-30.02996790572600000
1713;AV PLINIO BRASIL MILANO 1120;;-51.18020567539000000;-30.02050690572600000
1714;AV DOM PEDRO II 592;;-51.18797698031100000;-30.01270011132600000
1715;R PROFESSOR ALVARO ALVIM 400;3331-0524;-51.19807867539000000;-30.03743990572600000
1716;R CABRAL 1009;;-51.19857167539000000;-30.03484090572600000
1717;R CEL BORDINI 1270;;-51.19603367539000000;-30.03318990572600000
1718;AV NEUSA GOULART BRIZOLA 2629;;-51.19582067539000000;-30.03895690572600000
1719;R MONTEIRO LOBATO 236;;-51.19718167539000000;-30.05413690572600000
1720;R FARIA SANTOS 589;;-51.19109167539000000;-30.04802190572600000
1721;R JOAO ABBOTT 12;3331-1212;-51.18964767539000000;-30.04293590572600000
1722;R AMELIA TELLES 392;;-51.19083467539000000;-30.03871690572600000
1723;AV LAJEADO 507;3332-8343;-51.18404567539000000;-30.03938390572600000
1724;AV IPIRANGA 1801;;-51.21216967539000000;-30.04757690572600000
1725;R SIOMA BREITMAN 495;;-51.18504667539000000;-30.03468290572600000
1726;R GAL LIMA E SILVA 606;;-51.22102767539000000;-30.03867190572600000
1727;R TITO LIVIO ZAMBECARI;;-51.19442967539000000;-30.02868590572600000
1728;AV INDEPENDENCIA 155;3212-5526;-51.22151267539000000;-30.02982090572600000
1729;R CEL BORDINI 509;3342-5319;-51.19682967539000000;-30.02290690572600000
1730;R QUINTINO BOCAIUVA 136;3342-7366;-51.19808067539000000;-30.01904690572600000
1731;R GAL LIMA E SILVA 200;;-51.22476367539000000;-30.03579190572600000
1732;R VINTE QUATRO DE OUTUBRO 1427;;-51.19415567539000000;-30.02215490572600000
1733;AV MARILAND 815;3342-4398;-51.19391067539000000;-30.02214390572600000
1734;AV MARILAND 431;;-51.19432667539000000;-30.01853390572600000
1735;R GAL JOAO TELLES 10;;-51.21187367539000000;-30.02974290572600000
1736;R SILVA JARDIM 581;3331-2612;-51.18994167539000000;-30.02719690572600000
1737;R AUXILIADORA 268;3342-9620;-51.19097567539000000;-30.02185790572600000
1738;AV CRISTOVAO COLOMBO 3187;3342-1733;-51.18848167539000000;-30.01762990572600000
1739;R BERNARDINO SILVEIRA DE AMORIM 3450;;-51.09679667539000000;-30.00590690572600000
1740;TRAVESSA DO CARMO 84;;-51.22599267539000000;-30.03850590572600000
1741;R FLAVIO PAUL 10;;-51.17040567539000000;-30.05277690572600000
1742;R GAL LIMA E SILVA 1100;;-51.21755067539000000;-30.04210890572600000
1743;R RAMALHETE 528;3339-1241;-51.17687767539000000;-30.06746890572600000
1744;R TENENTE ALPOIM 39;3315-3504;-51.18228467539000000;-30.06530490572600000
1745;R CEL GENUINO 342;;-51.22799467539000000;-30.03684590572600000
1746;R DONA FIRMINA 11;;-51.17104267539000000;-30.06202890572600000
1747;AV IPIRANGA 6690;3336-5921;-51.17360867539000000;-30.05473290572600000
1748;AV IPIRANGA 6681;3339-1133;-51.17246367539000000;-30.05659990572600000
1749;R PRIMEIRO DE SETEMBRO 10;3336-5993;-51.16451867539000000;-30.06241690572600000
1750;R ALBION 111;3336-0034;-51.16414167539000000;-30.06167390572600000
1751;AV CUBANOS 303;3336-5323;-51.16562467539000000;-30.05904690572600000
1752;R SAO GUILHERME 6;;-51.16138067539000000;-30.06288290572600000
1753;AV CRISTOVAO COLOMBO 2110;;-51.20003667539000000;-30.01807290572600000
1754;R FELICISSIMO DE AZEVEDO 1020;;-51.18861267539000000;-30.01778090572600000
1755;AV PROTASIO ALVES 2657;3334-3123;-51.18249567539000000;-30.04343090572600000
1756;R CAJU 23;;-51.18205067539000000;-30.04349790572600000
1757;AV PALMIRA GOBBI 990;;-51.18910867539000000;-29.97805490572600000
1758;R ALFA 55;3334-4212;-51.17323067539000000;-30.03884090572600000
1759;R LUIZ VOELKER 281;;-51.17134267539000000;-30.03691990572600000
1760;R SAO SIMAO 66;;-51.16922767539000000;-30.04122090572600000
1761;AV PLINIO BRASIL MILANO 1080;3328-7880;-51.18042067539000000;-30.02058490572600000
1762;R ANITA GARIBALDI 1985;3328-1891;-51.17596967539000000;-30.02307490572600000
1763;R IRMAO JOSE OTAO 190;;-51.21639067539000000;-30.03074890572600000
1764;R LIBERO BADARO 420;;-51.17122867539000000;-30.02141090572600000
1765;R MARCILIO DIAS 1565;;-51.21324167539000000;-30.05062990572600000
1766;R PROFESSOR ABILIO AZAMBUJA;;-51.16679267539000000;-30.04807490572600000
1767;R ARI MARINHO 297;;-51.17900367539000000;-30.01325990572600000
1768;R QUINTINO BANDEIRA 118;;-51.20446667539000000;-30.01269190572600000
1769;AV TEIXEIRA MENDES 1309;;-51.16584767539000000;-30.02878690572600000
1770;AV JOAO WALLIG 1800;3334-5545;-51.16220967539000000;-30.02782290572600000
1771;AV TULIO DE ROSE 80;3328-0403;-51.16195667539000000;-30.02286490572600000
1772;R CIPO 270;;-51.16127667539000000;-30.02034490572600000
1773;R SAPE 525;3361 4088;-51.15891567539000000;-30.01797890572600000
1774;R ENG WALTER BOEHL 285;3344-5513;-51.15384867539000000;-30.02240590572600000
1775;AV ANTONIO CARVALHO 44;3336-5841;-51.15045067539000000;-30.06556690572600000
1776;AV ANTONIO CARVALHO 450;;-51.14986467539000000;-30.06354790572600000
1777;CEFER II RUA UM;;-51.14713267539000000;-30.05368090572600000
1778;AV BORGES DE MEDEIROS 3120;3233-3340;-51.23012467539000000;-30.05504890572600000
1779;AV OTAVIO SANTOS 110;3386-1040;-51.14532867539000000;-30.04288590572600000
1780;R VEADOR PORTO 795;;-51.19688367539000000;-30.04884090572600000
1781;R DA REPUBLICA 257;3225-5211;-51.22233267539000000;-30.03803290572600000
1782;AV SATURNINO DE BRITO 1627;3334-9309;-51.15064367539000000;-30.02759590572600000
1783;R ADROALDO MESQUITA DA COSTA 10;;-51.13131967539000000;-30.00066990572600000
1784;R PELOTAS 160;;-51.21356867539000000;-30.02256990572600000
1785;AV ANTONIO GIUDICE 115;3386-4644;-51.12414767539000000;-30.03929190572600000
1786;R DEMETRIO RIBEIRO 551;;-51.23387867539000000;-30.03591390572600000
1787;R VOLUNTARIOS DA PATRIA 3223;;-51.20849567539000000;-30.00629590572600000
1788;R ARNALDO BOHRER 10;;-51.20886067539000000;-30.07928190572600000
1789;R MOURA AZEVEDO 517;;-51.20441267539000000;-30.01146190572600000
1790;R CAMPOS SALES 157;;-51.18376467539000000;-30.02404190572600000
1791;AV SAO PEDRO 550;3343-5512;-51.20382867539000000;-30.01008290572600000
1792;AV BAHIA 1020;3343-5217;-51.20033867539000000;-30.01138790572600000
1793;AV PATRIA 613;;-51.20160867539000000;-30.00621690572600000
1794;AV FREDERICO MENTZ 1561;;-51.20231067539000000;-29.99598490572600000
1795;R ERNESTO DA FONTOURA 1510;3342-9714;-51.19317867539000000;-30.01066290572600000
1796;R DR JOAO INACIO 750;;-51.19894367539000000;-30.00217290572600000
1797;AV SERTORIO 615;;-51.19884667539000000;-30.00008490572600000
1798;R DR JOAO INACIO 1366;;-51.19247467539000000;-30.00339190572600000
1799;AV PRAIA DE BELAS 2254;;-51.22980067539000000;-30.05864490572600000
1800;R CANCIO GOMES 372;;-51.20896767539000000;-30.01731390572600000
1801;R AUGUSTO SEVERO 15;3362-1213;-51.18903567539000000;-30.00717490572600000
1802;AV ASSIS BRASIL 200;3343-5607;-51.18575467539000000;-30.00741590572600000
1803;AV SERTORIO 473;3337-3042;-51.19992067539000000;-29.99996990572600000
1804;R LAURO MULLER 560;3374-2070;-51.19737267539000000;-29.99714590572600000
1805;AV PRAIA DE BELAS 1181;;-51.22805267539000000;-30.04980390572600000
1806;R PROF SARMENTO BARATA 360;3337-2140;-51.19402067539000000;-29.99787990572600000
1807;TRAVESSA TUIUTY 10;;-51.22390067539000000;-30.03347190572600000
1808;R AUGUSTO SEVERO 801;;-51.18770467539000000;-29.99996790572600000
1809;R DOM PEDRO II 1551;;-51.18632767539000000;-30.02055590572600000
1810;AV A J RENNER 1603;3374-1663;-51.19240467539000000;-29.98202990572600000
1811;TRES DE ABRIL S/N;3341-4593;-51.17830367539000000;-30.01472790572600000
1812;R MARECHAL JOSE INACIO DA SILVA 17;3341-8280;-51.17866267539000000;-30.00895690572600000
1813;AV AZENHA 366;;-51.21381767539000000;-30.04732590572600000
1814;AV PLINIO BRASIL MILANO 2175;;-51.17179267539000000;-30.01617190572600000
1815;AV PLINIO BRASIL MILANO 2343;3341-0629;-51.17030467539000000;-30.01208690572600000
1816;AV ASSIS BRASIL 1802;;-51.16989567539000000;-30.01189190572600000
1817;R DOMINGOS CRESCENCIO 358;;-51.20692867539000000;-30.04929990572600000
1818;R BEZERRA DE MENEZES 17;3361-3372;-51.16889467539000000;-30.01221690572600000
1819;R SPORT CLUBE SAO JOSE 75;3341-6211;-51.17089067539000000;-30.01031890572600000
1820;AV SEVERO DULLIUS 9010;3342-5000;-51.17662167539000000;-29.98969390572600000
1821;AV CARNEIRO DA FONTOURA 28;;-51.16624567539000000;-30.01170790572600000
1822;AV ASSIS BRASIL 2201;;-51.16502567539000000;-30.01152490572600000
1823;AV FRANCISCO TREIN 557;3341-5688;-51.15937267539000000;-30.01663890572600000
1824;AV FRANCISCO TREIN 596;;-51.15904767539000000;-30.01616190572600000
1825;R CARLOS SILVEIRA MARTINS PACHECO 114;;-51.15933667539000000;-30.01120190572600000
1826;R DOMINGOS RUBBO 51;3345-1858;-51.15931867539000000;-30.01055690572600000
1827;R JOAO ZANENGA 11;;-51.15565667539000000;-30.01036890572600000
1828;AV PANAMERICANA 47;3347-3610;-51.15123167539000000;-30.01047890572600000
1829;AV PANAMERICANA 104;3344-4490;-51.15118367539000000;-30.00866190572600000
1830;R FELIX DA CUNHA 901;;-51.20199967539000000;-30.02103090572600000
1831;R GAL COUTO DE MAGALHAES 1868;;-51.18306967539000000;-30.01468990572600000
1832;R GOMES DE FREITAS 72;3340-0110;-51.14309567539000000;-30.01055990572600000
1833;R PROFESSOR LAGENDOCK 37;;-51.18907567539000000;-30.04327290572600000
1834;R PRESIDENTE JUAREZ 200;;-51.14630667539000000;-30.00419490572600000
1835;TRAV AZEVEDO 56;;-51.20501467539000000;-30.01548990572600000
1836;R VITORIO FRANCISCO GIORDANI 300;3347-2590;-51.13558367539000000;-30.01101690572600000
1837;AV SERTORIO 6600;3340-4840;-51.14168567539000000;-29.99712790572600000
1838;AV DANTE ANGELO PILLA 98;3340-9519;-51.11918867539000000;-30.01497590572600000
1839;AV BERLIM 409;;-51.19975567539000000;-30.01334590572600000
1840;AV ASSIS BRASIL 6476;3364-1234;-51.12987067539000000;-29.99462690572600000
1841;AV PROTASIO ALVES 1578;;-51.19230067539000000;-30.04088690572600000
1842;R SAO PEDRO 790;;-51.20161167539000000;-30.01074090572600000
1843;AV PRAIA DE BELAS 1400;;-51.22800867539000000;-30.05081590572600000
1844;AV ADELINO FERREIRA JARDIM 15;3366-8346;-51.10719467539000000;-30.02123190572600000
1845;R SOLEDADE 555;3331-1600;-51.17901867539000000;-30.03285990572600000
1846;R ROMAGUEIRA DA CUNHA CORREIA 11;3366-1183;-51.11183067539000000;-30.01553990572600000
1847;R SGT SILVIO DELMAR HOLLEMBACH 07;;-51.10943467539000000;-30.01633690572600000
1848;AV ASSIS BRASIL 8282;;-51.11521267539000000;-29.98197890572600000
1849;R PORTUGUESA 10;3336-8635;-51.19050767539000000;-30.05521190572600000
1850;R DA CONCEICAO 120;;-51.22009667539000000;-30.02367590572600000
1851;R DR FLORES 449;;-51.22492467539000000;-30.03159090572600000
